,T,CTL,FTR,VZ
0,35.3759,40.6415,67.4977,44.7046
1,35.2593,41.0532,68.0284,44.4266
2,35.3252,41.3184,68.9633,44.3317
3,35.2091,41.4248,68.7508,44.2772
4,35.5154,41.7688,69.0463,44.417
5,35.5064,39.2699,68.6363,44.4213
6,35.2227,32.9534,63.345,44.3327
7,35.3325,32.7655,61.3939,44.3739
8,35.5442,34.4427,62.4101,44.5148
9,35.6666,34.2472,61.2424,44.9091
10,35.3549,34.231,59.8459,44.9782
11,35.5301,34.6388,60.5026,45.1071
12,35.6159,34.4221,61.0113,45.7521
13,35.5154,34.1796,61.0793,45.9976
14,35.7421,34.2794,61.4705,46.2255
15,36.0442,34.7828,61.8192,46.6298
16,35.9306,34.859,62.4621,46.5195
17,36.1609,35.0434,63.0096,46.9631
18,36.5964,35.3206,62.544,47.5335
19,36.47,35.633,60.3853,47.384
20,36.3969,34.4575,61.0558,47.4385
21,36.6509,34.3533,60.9192,47.8708
22,36.5483,34.3879,60.765,47.7039
23,36.7071,34.5874,61.7374,48.1543
24,36.6389,34.7157,62.1009,48.1179
25,36.7621,34.7697,61.9108,48.4582
26,36.4321,34.3291,61.1073,48.004
27,36.2236,34.3587,60.9076,48.6507
28,36.1789,34.2266,59.8378,48.8165
29,36.2141,34.3569,59.087,48.7744
30,36.1444,34.4698,59.0904,48.6812
31,36.4027,35.0439,59.6087,48.9956
32,36.4309,35.1079,58.528,49.1789
33,36.5682,35.1739,58.6981,49.4555
34,36.6396,35.1062,57.7117,49.0561
35,36.687,34.9976,57.5727,49.0789
36,37.1109,34.8636,58.2476,49.1724
37,37.542,35.1224,58.7848,49.5572
38,37.3626,35.3242,59.7262,49.0302
39,37.8569,35.9434,60.9902,49.2635
40,37.9607,35.895,61.204,49.5046
41,37.616,36.0329,60.8139,49.1812
42,37.7337,36.2741,62.1431,49.3627
43,38.1339,36.9514,63.1662,49.7381
44,38.6002,37.3478,63.2763,50.3342
45,38.5626,37.0554,63.0207,50.6995
46,38.1963,36.7823,61.7501,50.7232
47,38.0398,36.976,61.3696,50.6512
48,37.7983,36.68,60.2344,49.7636
49,37.8504,37.021,60.1204,51.2211
50,38.1492,37.1634,60.241,51.8539
51,38.6238,37.2364,60.5319,52.0705
52,38.8624,37.7375,60.4412,52.172
53,36.9425,37.2135,60.3854,51.5975
54,37.268,37.5789,61.2705,52.9267
55,37.0555,37.344,61.3758,53.4347
56,37.2179,37.3837,61.763,53.4139
57,37.4637,37.5039,61.7735,53.8993
58,37.7376,37.324,62.0099,52.8514
59,37.5905,37.0443,60.6835,52.4641
60,37.4154,37.1034,60.9424,52.6709
61,37.1957,37.1129,61.3737,52.2394
62,37.3717,36.9885,60.971,52.6848
63,37.6919,37.4063,61.4836,52.9597
64,37.3939,37.7599,61.8604,52.8054
65,37.3256,37.6101,62.9262,52.75
66,37.0617,37.6793,62.4899,52.6146
67,37.0237,37.7154,63.2182,52.9198
68,37.5632,37.897,64.9852,53.2989
69,37.4547,37.5055,65.6289,53.2534
70,37.3167,37.6335,65.8521,53.2985
71,37.2755,37.6711,64.8335,53.0319
72,36.9533,37.2929,65.0143,52.191
73,36.7832,37.1912,64.4087,51.7376
74,36.6237,37.3877,64.7286,51.6589
75,36.6396,37.2643,65.9301,51.3636
76,36.5336,37.2246,64.9382,51.2352
77,35.8031,36.0982,64.2286,49.5427
78,35.7151,35.3411,64.0222,49.4181
79,35.2329,34.5894,63.2014,49.1283
80,34.9225,34.3853,62.3369,48.3435
81,35.5588,34.7425,62.8605,48.8978
82,35.445,34.9301,60.3722,48.4343
83,35.5634,35.249,61.4495,49.4063
84,35.5409,35.3892,62.0176,50.0697
85,35.9371,35.5714,61.7903,50.4589
86,35.9264,35.6322,61.0862,50.297
87,35.8024,35.5235,61.3557,50.0156
88,36.1755,35.8178,62.8735,50.3573
89,36.0626,36.0836,63.4368,50.9937
90,35.8317,36.0375,61.84,50.8882
91,36.1928,36.2088,60.7877,51.4414
92,35.6546,35.7356,60.6026,50.6735
93,34.7127,34.3965,58.7214,49.2561
94,34.468,34.3151,58.4732,49.514
95,34.4676,34.087,57.6498,49.1203
96,34.9976,34.6792,59.091,50.3418
97,35.306,34.8659,58.9407,50.5716
98,35.7173,35.3654,59.952,51.1855
99,35.5027,35.5073,60.6844,50.6409
100,35.3754,35.2625,60.6125,50.3614
101,35.5042,35.3859,60.46,50.6735
102,35.4888,35.2463,59.4743,50.9955
103,35.6399,35.2742,59.3891,50.9132
104,35.5593,35.3472,60.0174,51.1468
105,35.6425,35.3692,60.1887,51.0603
106,35.4762,35.3925,60.2691,50.72
107,35.8624,35.9472,60.517,51.0377
108,35.7072,36.1469,60.3436,50.4714
109,35.5372,36.1416,60.7004,49.8532
110,35.7705,36.1847,61.3325,50.1389
111,36.0759,36.2633,62.0672,50.8379
112,35.7632,35.8189,62.8279,49.7677
113,35.714,35.9608,63.6719,49.9642
114,35.6957,35.7966,64.1385,50.0773
115,35.7436,35.9114,63.8456,50.3144
116,35.1889,35.8379,63.6998,50.2915
117,35.4271,35.8191,63.9476,50.5943
118,35.5109,35.9285,63.8946,50.8513
119,35.8819,36.1435,63.8698,51.4406
120,35.5979,35.7798,64.2848,50.7058
121,35.3836,35.9619,65.375,49.8157
122,35.6195,36.1952,65.8114,49.9483
123,35.691,36.1211,66.6793,50.2144
124,35.6807,36.0634,67.9272,50.2006
125,35.5165,36.085,68.3268,50.0474
126,35.5939,36.244,68.6097,49.9859
127,35.3187,34.5795,67.9891,49.6459
128,34.9141,33.9356,69.1517,49.3411
129,34.8736,34.1097,68.7113,49.5821
130,34.7188,33.9242,70.3437,49.246
131,34.6648,33.7602,70.8867,48.9447
132,34.4646,33.4681,70.3581,48.6742
133,34.1881,33.0556,69.5362,47.7889
134,33.808,32.6905,67.6374,47.6663
135,33.9629,32.7364,67.0892,47.9377
136,33.5927,32.4804,68.1839,47.5061
137,33.5414,32.5589,67.8529,47.0383
138,33.9982,33.2389,68.1241,47.4244
139,34.0386,33.2377,68.32,47.2185
140,33.8174,33.0306,67.5198,46.7941
141,33.6738,32.8532,66.6488,46.6878
142,33.8296,33.1012,67.2731,48.2711
143,33.7523,33.0614,65.7292,47.419
144,33.5591,33.0197,65.916,45.0023
145,33.5605,32.3209,66.9972,46.6047
146,33.4263,32.2457,65.6843,46.687
147,33.4023,31.9832,64.3076,46.3698
148,33.5069,32.0342,64.8863,45.9658
149,33.8283,32.3221,64.941,46.0625
150,34.0756,32.583,65.23,46.5553
151,34.3127,32.5623,65.9118,47.0153
152,34.4268,32.4698,65.4361,47.837
153,34.5186,32.3864,65.0602,48.2602
154,34.7273,32.4414,65.1859,48.4972
155,34.7283,32.3997,65.3739,48.403
156,34.8278,32.7637,64.9348,48.5387
157,34.4326,32.3466,63.7454,48.0128
158,34.0367,32.1436,63.958,47.7407
159,34.1239,32.2446,64.8734,47.3075
160,34.1425,32.1035,64.781,47.0769
161,34.2168,32.1089,64.7238,47.4513
162,33.7867,31.8351,64.2499,46.954
163,33.9778,31.4244,62.4584,46.828
164,34.1208,31.7549,64.5285,46.9277
165,33.8963,31.6425,64.0076,46.6799
166,33.7288,31.2528,64.1248,47.6939
167,33.7553,31.1619,64.1068,47.0748
168,34.0082,31.4233,64.2507,47.3149
169,33.3221,31.3833,63.5836,46.3082
170,33.096,30.9888,63.7028,44.1914
171,33.9169,33.062,64.6249,46.6045
172,34.1329,33.1148,65.625,46.952
173,33.9359,32.6614,65.7197,46.7909
174,33.89,32.6617,65.8327,46.563
175,34.0963,32.7616,66.228,47.0486
176,34.3284,33.152,66.6487,48.8084
177,34.6241,33.1006,67.0196,49.68
178,35.1488,32.9089,66.9694,50.4282
179,35.2469,33.2658,67.0823,50.972
180,35.1328,33.3865,66.6167,51.0634
181,34.705,33.2155,66.1947,50.6567
182,35.0483,33.2321,66.7281,50.5085
183,35.4698,33.4745,67.1738,50.4765
184,36.2381,33.9002,67.2154,51.0887
185,36.1976,33.6327,66.5849,50.7484
186,36.4563,33.8682,69.1473,50.9102
187,36.3549,33.7287,66.6301,50.7239
188,36.3446,33.7041,66.7917,50.8908
189,35.8905,33.5499,67.0188,50.3648
190,35.8671,33.7976,69.6697,50.5891
191,35.3009,31.8652,69.7594,50.5064
192,34.8571,31.1959,69.7239,49.8415
193,35.3035,31.5661,70.9993,50.3792
194,35.1208,31.4877,70.5974,50.1732
195,35.1508,31.4435,71.3216,49.7704
196,35.204,31.7881,72.1626,50.2786
197,35.3462,32.0281,73.3257,50.1602
198,35.5409,32.1309,73.5192,50.9547
199,35.7003,32.0337,74.1405,50.7707
200,35.8945,32.0383,75.0154,50.7655
201,35.3642,31.0468,72.0089,50.4978
202,35.2661,30.7003,71.0174,50.1786
203,35.427,30.8111,70.1568,50.0736
204,35.3581,30.6789,70.2258,50.2129
205,35.3138,30.6904,70.3403,49.8441
206,35.3172,30.8535,70.2189,49.7665
207,34.9358,30.3657,69.605,49.2996
208,34.6647,30.2318,69.7484,49.3866
209,34.4625,30.6932,69.4507,49.3892
210,34.3449,30.7372,66.9801,49.0615
211,34.4614,31.0864,67.5836,49.2817
212,34.6016,31.483,68.3609,49.3001
213,35.0325,31.8416,69.0099,49.0438
214,34.0958,30.9148,68.7058,48.3736
215,33.9147,30.5711,67.008,48.1958
216,36.6006,30.6745,66.8379,47.9823
217,34.1506,30.9046,66.3258,48.5048
218,33.9202,31.4116,71.8259,47.6543
219,34.0557,31.5943,70.3346,48.1949
220,34.329,31.0216,70.8775,48.3805
221,34.4039,31.0718,70.4952,48.3438
222,34.633,31.2608,70.4608,48.6215
223,34.881,31.6508,70.4864,48.9082
224,35.0509,31.8026,70.4057,49.1006
225,35.1276,31.922,70.3928,49.126
226,35.1919,31.9569,70.4434,49.1261
227,35.1343,31.8284,70.1177,49.0756
228,34.9874,31.6145,69.9109,48.8863
229,34.8126,31.6532,70.969,48.4709
230,34.9227,31.6746,70.9311,48.6422
231,34.9986,31.5499,71.1026,49.0823
232,34.4586,32.2703,76.3185,48.6753
233,33.8061,30.9133,70.3191,47.7149
234,33.6418,30.969,71.0316,47.6921
235,33.3154,31.0391,70.697,47.1134
236,33.4012,30.6694,71.2386,46.9133
237,33.8623,30.3833,71.5538,48.0272
238,33.9667,30.3627,73.061,48.4157
239,33.7931,30.0547,72.2858,48.3884
240,33.4691,29.8065,72.9356,47.5065
241,33.3799,29.6019,73.7147,47.3106
242,33.3189,29.2218,73.4106,47.2597
243,30.9887,27.6749,72.8833,44.4607
244,33.5357,29.5481,72.3606,47.9622
245,33.6135,29.013,73.2978,48.0575
246,32.3717,27.208,72.829,45.9042
247,33.2514,28.9951,72.0421,47.7287
248,33.3199,28.9488,70.7907,47.9073
249,32.054,28.1036,67.9925,46.4101
250,32.0481,27.8889,67.7065,46.2193
251,32.0706,28.1558,65.8928,46.4243
252,31.963,28.2224,67.8855,46.6346
253,31.8605,28.5054,68.3204,46.1968
254,32.3675,30.977,68.1058,46.8491
255,32.9019,29.6322,68.5686,47.1563
256,33.0278,30.0476,69.0492,47.3321
257,33.2301,30.8082,68.8178,47.2636
258,33.1608,30.7758,69.9875,46.6102
259,32.8289,30.8272,70.6351,46.083
260,32.8513,30.9743,70.1166,46.2203
261,33.1569,31.052,70.7417,47.9853
262,32.9939,31.1925,69.9269,47.6116
263,32.573,31.298,69.8109,46.6593
264,32.2703,31.1828,74.9077,46.3945
265,32.1173,30.9038,74.5379,46.2333
266,32.0473,30.975,74.6528,47.0934
267,31.9961,31.248,73.8521,47.5048
268,31.801,31.0431,73.1677,46.9458
269,32.1262,31.4392,73.7105,47.9063
270,32.0916,31.8129,71.8483,47.6305
271,32.3069,31.8137,73.2201,47.8387
272,32.4775,31.2535,73.7175,47.1026
273,32.3925,30.8157,71.67,46.8162
274,32.2599,30.721,73.3507,46.5898
275,32.342,30.5448,73.522,46.3514
276,30.7157,28.477,73.7713,44.2364
277,32.4146,30.6486,74.8413,46.054
278,32.7612,30.9579,75.3594,46.3343
279,32.9455,31.2125,77.0322,46.566
280,32.3749,30.0808,77.8432,45.3524
281,33.8059,31.3725,80.3368,46.9137
282,33.2564,29.6237,67.4224,45.7645
283,34.5788,31.5656,81.1696,46.7409
284,34.6405,31.761,80.7831,47.0633
285,34.7327,32.2762,81.3395,47.2249
286,34.7779,32.4769,82.4052,47.133
287,34.9636,32.7182,84.491,47.5108
288,35.1949,32.862,85.4287,47.6172
289,34.9271,32.8215,83.9692,47.5487
290,35.3443,33.2148,84.1181,47.9445
291,35.5236,33.4474,84.7706,47.967
292,35.6584,33.698,83.6968,48.1125
293,35.6491,33.6126,82.764,47.9939
294,35.0786,33.7655,83.2159,47.9474
295,34.9135,33.7972,82.8882,47.8498
296,35.1819,33.6039,82.9903,47.7756
297,35.1505,33.3947,81.955,47.1972
298,35.2412,33.7532,83.2548,47.0786
299,35.5837,33.9529,83.9216,46.9532
300,35.9301,34.5326,87.0069,46.9626
301,36.0816,34.6253,88.1129,47.4954
302,36.0199,34.4684,88.7591,47.9066
303,36.3257,34.4365,87.4775,48.088
304,35.2619,34.5917,88.988,47.4233
305,34.6041,34.6393,88.239,46.4394
306,34.5063,34.8251,86.5398,45.9887
307,34.9517,34.6271,86.5387,46.4787
308,35.399,34.8291,87.7695,46.7213
309,35.6044,34.7849,88.1863,46.722
310,35.6142,34.8777,88.8918,46.9813
311,35.6309,34.9509,89.2788,47.1748
312,35.6326,34.8049,89.6822,47.242
313,36.137,34.86,90.0856,48.2514
314,35.7905,34.6823,87.4545,48.0518
315,36.4044,36.5877,88.9874,48.4595
316,36.3425,36.7027,90.2982,49.2559
317,36.4826,36.758,90.5576,48.2562
318,36.1561,36.8531,90.5367,47.8928
319,36.383,37.4873,90.3072,48.0617
320,36.5319,37.8833,89.0645,48.8682
321,36.7272,37.9807,87.6787,49.0118
322,36.1607,39.8561,89.2549,49.256
323,35.752,37.8754,88.2485,48.9131
324,35.366,37.2391,84.0161,49.2095
325,35.3776,37.1776,85.6961,49.4264
326,35.5108,37.2496,86.8981,49.5755
327,35.2142,37.2331,87.1517,49.6457
328,35.3638,37.7531,99.6438,49.7373
329,35.3213,37.7252,87.5172,49.651
330,35.4437,37.678,86.863,49.9025
331,35.4292,37.6636,85.9796,50.1189
332,35.2934,37.9184,87.0651,49.4039
333,35.1094,37.9274,87.8081,49.1898
334,34.9742,37.1468,85.8577,49.2789
335,35.101,36.9971,93.4939,49.1816
336,35.0019,36.8913,83.6222,49.5435
337,34.9542,36.9134,83.967,49.428
338,34.8601,36.5117,82.957,49.3863
339,34.747,36.2814,83.2078,48.9753
340,35.0255,36.9118,84.2731,49.1389
341,34.9794,37.0347,85.1642,49.2619
342,35.0306,36.6972,85.6676,49.162
343,35.0852,36.8249,85.6467,49.0899
344,35.3357,37.21,86.0587,49.4813
345,35.5469,36.9657,86.2685,49.5421
346,35.3289,36.649,85.8298,49.4895
347,35.3751,36.5118,85.4168,49.3844
348,35.2083,36.0786,85.3691,49.3612
349,35.2255,36.195,86.0142,49.0819
350,37.0128,37.6873,93.1648,50.5279
351,35.517,36.2647,87.3054,49.079
352,35.4089,36.2546,87.4753,49.277
353,35.603,35.9694,87.7871,49.5945
354,35.795,36.0155,87.6733,49.6088
355,36.0334,36.1652,87.8384,49.2389
356,35.5624,36.4624,86.5515,48.8706
357,35.6324,36.5656,86.0463,48.8858
358,35.6726,36.7678,86.2366,49.3833
359,35.6747,36.7331,86.5944,50.1331
360,35.85,36.9637,86.451,50.4837
361,36.1989,36.9959,86.1439,50.6311
362,36.4318,37.1197,87.7295,50.8828
363,36.2219,36.8928,86.6499,50.5505
364,36.1191,36.8928,86.7698,50.6615
365,36.0175,37.0307,86.8323,50.7263
366,35.9161,37.3224,87.8554,50.8898
367,35.9022,37.5376,87.3646,51.0395
368,35.4701,37.6868,88.5831,51.1021
369,35.5685,37.6562,88.2638,51.294
370,36.3184,37.7415,89.1322,51.4006
371,36.9182,41.3012,102.4892,52.5325
372,36.3184,39.946,99.6345,51.7637
373,35.7928,39.3666,97.8602,50.731
374,35.4897,39.1785,97.1786,50.1392
375,35.3726,39.1785,97.7537,49.9604
376,35.1551,39.2283,101.0501,49.7583
377,34.5852,38.7982,97.0518,48.9278
378,34.3692,39.1456,96.5234,48.7218
379,34.3285,39.5069,95.1848,48.5434
380,34.5331,40.2233,97.1649,48.8286
381,34.6045,40.6698,97.1349,48.7468
382,34.6478,40.582,97.2851,48.8816
383,34.8138,40.4959,97.3059,48.9345
384,34.6789,40.4176,97.5984,48.7678
385,34.6811,40.3931,98.5121,48.7799
386,34.4606,40.6419,98.4173,48.5365
387,34.5104,40.7339,99.2281,48.804
388,34.6329,40.9518,99.8371,48.9548
389,34.4589,40.7547,99.6992,48.6588
390,34.5381,41.3744,100.6622,49.0439
391,34.5518,41.203,100.6455,49.1609
392,34.696,40.7099,101.4698,49.4087
393,34.6791,40.7339,100.8315,49.4022
394,34.8387,40.9301,101.6356,49.6863
395,34.8264,40.8096,101.621,49.7183
396,34.9162,41.0857,100.3054,49.8652
397,34.8913,41.0303,99.0603,49.6574
398,35.107,41.3922,99.874,49.8594
399,34.993,40.6879,101.2159,49.5077
400,34.6973,40.0883,101.4775,48.961
401,34.546,39.6808,96.2046,48.585
402,34.7117,40.1817,96.2607,48.8364
403,34.5392,39.7958,96.6045,48.54
404,34.6315,39.6125,95.5247,48.4854
405,34.8952,39.691,96.6363,48.9153
406,35.0154,40.2835,97.9057,49.2516
407,35.1533,40.5116,98.38,49.6097
408,35.3956,40.7572,98.7208,50.1701
409,35.4635,40.8235,98.9539,50.0933
410,35.3454,40.6679,99.2289,49.9543
411,35.3725,40.4401,98.1285,50.0239
412,35.1461,40.0617,97.2557,49.7481
413,35.1628,40.1808,94.7146,49.6289
414,35.1402,40.3428,96.3089,49.6076
415,35.2767,40.8079,97.7436,50.0097
416,35.0305,40.5681,96.3619,49.6019
417,34.983,40.5999,94.859,49.3736
418,35.2667,40.9278,95.9992,49.6763
419,35.5161,40.8681,95.4515,50.1047
420,35.4487,40.3305,93.2572,49.7975
421,34.9044,40.4451,92.3983,49.4513
422,34.7749,40.002,89.5676,49.1306
423,34.4916,39.464,89.213,49.2454
424,34.0222,38.6949,87.4249,48.8027
425,33.8621,38.8177,86.8606,48.3792
426,33.6384,38.3149,87.7161,47.5968
427,33.6011,38.2629,90.7577,47.6118
428,33.9937,38.8349,91.2634,47.9373
429,34.1421,39.063,91.4737,48.2192
430,34.4712,39.6984,92.8451,48.551
431,34.5782,40.1218,94.3878,48.4838
432,33.6038,40.0395,93.8424,48.1273
433,33.7178,39.9,93.8021,48.7475
434,34.0875,40.2814,94.4041,49.29
435,34.2677,40.7841,95.6211,49.8782
436,34.4459,41.0695,96.6213,49.9035
437,34.3638,41.3528,96.4466,49.9422
438,34.7534,41.4555,97.5872,50.1931
439,34.7916,41.7444,97.0747,50.3118
440,34.7961,41.6761,94.7727,50.4712
441,34.85,41.6119,97.7091,50.225
442,34.649,39.3155,95.6152,50.0422
443,34.8825,38.9875,95.6721,50.7085
444,35.031,39.6556,96.9923,50.7583
445,35.0203,39.9612,97.5431,50.5274
446,35.3304,40.3178,100.41,50.8374
447,35.6799,40.9118,101.3215,51.089
448,35.8937,40.7531,101.7535,51.4506
449,35.8163,40.775,102.0224,51.3667
450,35.7313,41.0291,103.0762,51.2324
451,35.3549,41.0201,104.6896,50.4898
452,35.2599,40.4881,104.7081,50.1939
453,35.2092,40.5414,106.1405,50.0723
454,34.6221,40.2833,104.6061,49.3336
455,34.6158,39.6478,104.9707,49.2361
456,35.0577,40.5381,105.6765,49.9258
457,35.4118,40.8184,106.2367,50.5902
458,35.0554,41.1656,104.6971,50.2283
459,34.4505,40.833,105.0085,49.4581
460,34.0771,40.0457,104.3683,48.7303
461,33.9006,39.9562,103.3357,48.6598
462,33.8756,39.6959,103.4413,48.5673
463,33.9397,39.8561,99.6088,49.015
464,32.8279,39.0642,98.3116,46.7979
465,32.5914,38.5761,96.9066,46.1309
466,32.8167,38.8326,98.08,46.4536
467,32.3428,37.8867,94.9122,45.6714
468,32.2737,37.7809,93.8958,45.474
469,32.3892,38.1454,96.229,45.9419
470,32.5154,38.4133,97.0155,46.0278
471,33.2958,39.2349,100.3302,46.8894
472,33.525,39.7154,101.4745,46.9599
473,33.7997,40.0111,101.9747,47.3511
474,34.047,40.3764,102.0713,47.6932
475,34.0136,40.1731,101.5954,47.6861
476,34.1441,40.4959,102.5027,47.8663
477,34.1557,40.5625,101.836,47.5949
478,34.0968,40.094,100.3642,47.3223
479,33.7826,39.8306,100.9308,46.9739
480,33.8408,39.6663,99.661,47.0318
481,33.715,38.8814,97.6252,46.812
482,33.5837,38.3521,96.5744,46.9308
483,33.0842,38.3966,97.1818,46.3134
484,33.4236,38.8754,98.4148,46.9519
485,33.5089,38.4794,97.8751,46.8352
486,33.5669,38.6359,100.3104,47.008
487,33.6102,38.818,101.4259,47.4086
488,33.1966,38.2822,100.0513,46.8224
489,33.3304,38.4491,101.3017,47.1447
490,33.6463,38.3334,101.626,47.6914
491,33.8174,38.6859,102.557,48.019
492,34.0366,38.8249,102.2304,48.1121
493,33.5624,39.1581,101.8948,47.4018
494,33.4977,39.3016,103.1396,47.2523
495,33.1622,38.9846,102.9694,46.8426
496,32.9356,38.9129,101.9612,46.5676
497,33.0895,38.7404,101.7865,46.5164
498,32.7586,37.6255,100.1091,45.8245
499,33.0859,37.126,100.4239,46.011
500,33.2971,37.8599,104.9177,46.5222
501,34.1475,39.2594,110.1894,47.7549
502,34.4567,39.5992,109.7395,47.9174
503,34.4722,38.5295,115.5899,47.7746
504,34.8563,38.4971,117.4352,49.1443
505,34.7506,39.7741,120.308,49.2638
506,34.8867,40.0039,124.3425,49.3435
507,34.4281,40.3737,124.1724,49.5287
508,34.4952,39.0547,125.4188,49.5479
509,34.5813,39.4708,125.3769,49.2778
510,34.6083,39.2022,125.9922,49.0825
511,34.4945,37.7613,122.8245,48.9239
512,34.1958,37.5317,122.0317,48.9308
513,33.9995,37.1263,124.1859,48.7685
514,33.838,36.675,122.2591,48.7436
515,33.9658,36.926,120.8374,49.1099
516,34.1076,37.294,119.0606,49.1735
517,34.4631,37.3773,120.1123,49.3301
518,34.5101,37.8144,120.0736,49.466
519,34.4694,37.6911,119.3397,49.3069
520,34.4735,37.7506,119.2872,49.5109
521,34.1112,36.2819,116.7291,49.0876
522,34.0716,36.1993,117.5095,48.9788
523,33.5,35.5992,114.131,48.3725
524,33.4112,35.2835,113.2362,48.3562
525,32.8942,35.1129,109.6504,47.6794
526,32.678,35.2698,110.3039,47.774
527,33.0705,35.2433,110.6349,48.5079
528,32.7565,34.4354,109.6016,48.7182
529,32.9904,34.5152,109.9793,49.1954
530,32.9671,34.9469,110.7561,49.0296
531,33.235,35.1053,111.6757,49.2016
532,33.2598,34.926,111.0837,49.2988
533,33.35,35.183,111.2212,49.6042
534,33.4115,35.4528,111.3029,49.6882
535,33.2007,35.3025,111.0156,49.5731
536,32.84,34.9531,110.3844,49.0207
537,32.9123,34.6192,109.7598,48.6756
538,32.763,34.2005,109.5253,48.5536
539,32.9754,34.1446,109.6799,49.1095
540,32.7615,34.6333,107.3352,48.7928
541,32.7714,35.2915,107.9197,48.8496
542,33.0908,35.5059,110.0514,49.4147
543,33.3058,35.4606,109.8214,49.6857
544,33.2593,35.5812,110.2514,49.4322
545,32.6765,35.3873,109.0767,49.0966
546,32.6654,35.7789,110.4617,48.9757
547,32.7683,35.816,111.6075,49.1732
548,32.9531,35.6836,110.4192,49.2518
549,32.7077,35.6754,109.727,49.1861
550,32.8332,36.1534,108.8019,49.3219
551,32.8013,35.3814,107.4422,49.3332
552,32.5047,34.7341,105.5745,48.9154
553,32.7924,35.1987,105.485,49.2914
554,32.7146,36.2417,106.1726,49.0194
555,32.7306,36.2294,106.2694,49.5281
556,33.9591,36.5864,106.3771,49.9038
557,34.1179,36.4672,105.65,50.0659
558,34.1757,36.268,103.8665,50.1694
559,34.7375,36.6988,103.9902,50.4232
560,34.8515,36.324,103.9149,50.4257
561,34.6974,35.9944,102.7642,50.4582
562,34.3729,36.0694,102.6223,50.3146
563,34.583,36.1399,102.7867,50.5548
564,33.987,35.6683,101.5042,50.2688
565,33.4131,34.5368,91.5814,49.6408
566,33.3986,34.6785,89.6889,49.6619
567,33.6838,34.962,90.0504,50.118
568,33.5084,34.4432,88.6513,49.9571
569,33.576,34.8195,85.9869,49.5159
570,33.9371,34.4975,82.5702,49.6929
571,34.0821,34.3417,81.0514,50.0117
572,34.2381,34.4528,83.3958,49.7973
573,34.7747,34.5014,84.1476,49.6562
574,34.4321,33.9221,80.845,49.496
575,34.554,34.3972,80.629,49.7585
576,35.012,34.2417,80.1613,49.9453
577,34.7827,33.934,78.3151,49.7036
578,34.5315,33.636,74.2457,49.4128
579,34.8909,33.8503,78.6681,49.508
580,34.779,33.9727,78.0614,49.5296
581,34.674,33.2723,76.9923,49.5025
582,34.4044,33.0047,76.1466,49.2857
583,34.4278,32.9574,77.6342,49.1651
584,34.9919,33.0182,81.0592,49.1066
585,35.2298,32.9499,77.0288,48.1668
586,34.7571,32.3202,75.89,47.3833
587,34.6487,32.2224,75.537,47.4915
588,34.5877,32.0351,74.7081,47.3993
589,34.6782,32.2762,74.5373,47.4826
590,34.9004,32.6849,74.9001,47.73
591,34.764,32.6945,74.5557,47.4054
592,34.4614,32.31,73.3957,47.0256
593,34.5457,32.1752,74.6788,47.2541
594,34.7193,32.1916,74.7527,47.1897
595,34.9611,32.3504,74.9183,47.6947
596,34.9843,32.4575,75.1618,47.5139
597,35.0695,32.6879,75.149,47.587
598,36.0526,32.6588,76.3121,47.8826
599,35.7964,31.9113,75.8919,47.4856
600,36.3109,30.4822,76.232,47.6651
601,36.0833,29.914,75.482,47.5481
602,35.9705,29.8521,74.6512,47.1252
603,35.6625,29.5122,74.3826,46.762
604,35.4947,29.4963,74.1828,46.9088
605,35.7782,29.6027,73.4314,47.2448
606,35.5834,29.4238,73.3376,46.969
607,35.6259,29.6404,72.9043,47.1654
608,34.9619,29.5138,72.4156,46.5645
609,34.541,29.5143,72.3441,46.512
610,34.6821,29.7698,73.2037,47.0827
611,34.8428,29.8877,74.3585,47.1751
612,34.9696,29.9608,74.1142,47.3379
613,34.8056,29.583,73.1226,47.2945
614,35.0626,30.343,74.7692,47.7579
615,35.011,30.8827,77.6802,47.6576
616,34.8496,30.5971,75.3078,47.876
617,34.5188,29.8918,73.7298,46.924
618,34.1811,29.2432,72.0854,46.3684
619,34.0181,29.0243,71.5904,46.3978
620,34.7714,28.3018,69.3305,46.1405
621,34.4049,28.0892,67.6926,45.9199
622,34.3623,28.2036,68.3405,45.8711
623,34.6873,27.9818,69.3999,46.5869
624,34.7723,28.0453,69.5115,46.5731
625,34.8649,28.738,71.126,46.9016
626,34.6584,28.7606,76.5885,46.8163
627,34.6108,28.5537,78.1641,46.774
628,34.6263,28.6592,77.9358,46.8149
629,34.2145,27.2526,76.274,46.4993
630,34.1651,27.6646,77.8636,46.3645
631,34.6729,28.597,79.5189,47.1606
632,34.7421,28.37,80.1244,47.6936
633,33.7147,28.1786,80.2588,47.4638
634,33.9158,28.0162,80.5836,47.6811
635,33.9495,28.2157,81.792,47.512
636,34.1743,28.3998,83.6695,47.4774
637,34.343,28.2491,82.1642,47.469
638,34.2951,28.2633,80.1627,47.3416
639,34.1902,27.9544,78.9578,47.1216
640,33.598,27.3822,77.3311,46.4245
641,32.5502,26.042,74.6461,44.5626
642,32.4928,25.8003,75.4489,44.7095
643,32.4243,26.0023,72.5837,44.7223
644,33.2142,26.5719,73.5775,45.8271
645,33.2288,27.0085,75.4492,45.9444
646,33.1685,27.0473,75.8685,45.9274
647,32.4561,26.0807,75.3088,45.0339
648,32.6896,26.9277,77.8314,45.1493
649,33.0838,26.7698,82.1753,45.8421
650,32.5555,26.2131,81.1114,44.8956
651,33.0054,26.8284,80.9605,45.651
652,33.0504,27.1815,82.4473,45.7039
653,32.6969,26.8702,82.2848,45.3253
654,32.6558,26.2527,78.9966,45.56
655,32.5868,26.0753,78.0023,45.6974
656,32.7832,26.3402,79.582,46.251
657,32.9421,26.3161,78.2515,46.2482
658,32.7002,25.9271,77.1149,45.0508
659,32.5744,25.6267,75.8994,44.8177
660,32.5612,25.9054,74.385,44.7337
661,32.2554,25.4438,72.4582,44.3662
662,32.1759,25.3456,73.0572,44.0622
663,32.0731,25.0045,72.1979,43.9895
664,32.4363,25.3261,75.1413,44.269
665,32.0488,24.7621,72.1914,43.8481
666,32.0025,24.6217,70.6338,43.6113
667,32.4993,25.0518,71.26,43.5465
668,32.3884,24.7067,70.812,42.9713
669,32.4578,24.4011,71.7703,42.6547
670,33.3533,25.4824,76.1048,43.8068
671,33.3365,25.6892,77.3583,44.1252
672,33.1442,25.9922,79.1655,43.7423
673,33.162,26.1888,80.1226,43.9601
674,33.1464,25.9434,78.8187,44.194
675,33.2544,25.7138,76.4856,44.1602
676,33.1797,25.8416,77.796,44.3542
677,33.2422,26.2044,77.0982,44.1604
678,33.3749,26.6688,78.2447,44.4186
679,33.7225,26.7864,78.112,44.6461
680,33.5712,26.8822,78.554,44.5822
681,33.7281,27.1841,79.7757,45.3686
682,33.6758,27.346,79.8886,45.0681
683,33.9448,27.7714,80.8145,45.6445
684,34.0279,28.004,81.2254,46.1701
685,33.6537,28.2038,81.0377,46.3677
686,33.2706,27.7354,79.2143,46.1421
687,33.4074,28.0765,79.1818,46.5063
688,33.5047,27.9642,77.9802,46.2615
689,33.6051,28.1299,76.8856,46.7265
690,33.5329,28.2672,76.5946,46.7217
691,33.6373,28.3554,73.6464,46.4144
692,33.5792,28.2043,71.9308,46.2427
693,33.3824,28.914,70.5238,46.2617
694,33.0445,28.3654,69.7584,45.5874
695,32.8402,28.6657,71.5116,45.2342
696,32.7473,28.5568,71.6495,45.1178
697,32.9243,28.4642,70.5573,45.3532
698,32.7488,28.0381,70.7288,44.9215
699,32.4796,27.8366,69.9903,44.4485
700,32.7722,28.1933,70.3428,44.7755
701,33.293,28.264,71.8701,45.0993
702,33.3059,28.4013,72.693,45.0746
703,33.6011,28.5047,73.9335,45.6701
704,33.6603,27.4236,74.1759,45.5658
705,33.504,27.2856,74.7118,45.1106
706,33.3982,27.2414,73.9345,45.0753
707,33.4089,27.0507,73.4349,44.9883
708,33.6737,27.0962,74.1403,45.206
709,33.6364,26.9716,74.8025,45.3924
710,33.7313,26.9181,75.809,45.5456
711,33.7502,26.6656,75.8431,45.1824
712,33.2126,26.4625,75.0,44.6183
713,33.8535,26.6624,75.9717,45.4289
714,34.2287,26.9547,75.4767,45.857
715,33.8689,26.7033,74.5273,45.7262
716,33.75,26.564,74.0146,45.5263
717,33.8153,26.1673,73.4787,45.3916
718,33.2617,25.1015,69.6682,44.9589
719,33.4124,24.3978,68.0006,45.1921
720,33.7409,25.2066,67.967,45.5853
721,34.2539,25.9921,70.778,46.1698
722,34.256,25.6584,72.4741,46.3017
723,33.7552,25.1408,69.6443,45.731
724,33.9278,25.1463,69.7837,45.6993
725,34.2617,25.0806,68.777,46.185
726,34.7499,25.8172,72.2561,46.8605
727,34.655,25.8268,72.9926,46.7389
728,34.7523,25.7001,72.1667,46.7326
729,34.8951,25.9126,72.3004,47.0951
730,34.7868,25.5081,70.4443,46.8004
731,34.4796,25.2101,70.1283,46.3085
732,34.1481,24.9848,69.1964,45.6523
733,34.4589,24.9275,70.2262,46.2253
734,34.0076,24.7212,70.888,45.5501
735,33.7392,24.401,70.8782,45.3268
736,33.7108,24.1933,70.2758,45.1856
737,33.7915,24.0748,68.2015,44.9026
738,33.8945,23.5999,66.6213,44.8512
739,33.9694,23.1688,63.7961,44.5909
740,34.3154,23.5457,63.2658,44.7297
741,33.9727,23.1662,63.0828,44.2646
742,34.3852,23.2813,63.3361,44.8069
743,33.8829,22.2312,59.0953,44.3185
744,34.5122,22.6857,59.9175,45.6815
745,35.0113,23.6107,64.2668,46.7476
746,35.0964,23.8862,64.3122,47.2547
747,35.2826,24.4327,65.328,47.9162
748,35.3506,24.6702,66.8794,48.9527
749,35.5351,24.6618,67.4202,48.9582
750,35.9753,25.2792,68.0613,49.7929
751,36.2103,25.7242,68.0911,50.6328
752,36.0113,25.1088,65.8081,50.0297
753,36.3883,25.8049,68.0511,50.1396
754,36.4933,26.4658,71.5696,50.2256
755,36.785,26.7093,70.8146,50.8944
756,36.841,25.7195,65.293,50.3908
757,36.5425,24.8788,63.3323,49.9323
758,36.4748,24.8283,63.4589,50.013
759,36.153,26.8859,62.2667,49.5722
760,36.3586,28.3552,62.7257,49.9697
761,36.515,28.8364,63.5811,50.0853
762,36.6775,29.5176,65.8169,50.3694
763,36.8728,30.3883,68.0816,50.7529
764,36.6979,29.7922,66.4493,50.7893
765,36.7656,29.8977,68.2738,51.0252
766,36.7313,29.3355,74.4297,50.638
767,36.9154,29.6175,78.3059,50.5381
768,37.3736,30.2741,78.794,51.1045
769,37.2146,30.1372,80.4708,51.099
770,37.1455,30.5873,81.651,50.954
771,37.2814,31.0163,81.8443,51.2697
772,37.4871,31.0844,83.8494,51.8386
773,37.881,31.38,85.5016,51.8555
774,37.9519,31.6658,85.2561,51.722
775,38.051,31.686,86.32,52.1147
776,38.1313,31.4267,84.4449,52.46
777,37.9982,31.3721,78.4689,52.3354
778,38.2188,31.6625,78.4171,52.2896
779,38.3525,31.7252,80.4526,52.4914
780,38.2827,31.9028,79.9943,52.4961
781,38.4263,31.3147,76.688,52.6284
782,38.626,31.8492,78.7124,52.9778
783,39.055,31.2133,79.646,53.6125
784,38.8267,31.6074,79.6439,53.4862
785,38.884,31.7199,79.4816,53.4119
786,38.7813,31.806,79.5377,53.2686
787,38.5383,31.1718,78.6047,52.9766
788,38.6974,30.9313,77.872,53.2663
789,39.0778,31.1001,79.434,53.4573
790,39.34,31.3806,80.7913,53.7783
791,39.3725,31.8775,84.4014,54.0666
792,39.2136,31.9998,84.4775,54.0662
793,38.9244,31.8685,82.4036,53.7908
794,39.2363,32.4273,81.7005,54.1731
795,39.1644,32.1226,78.9488,54.1059
796,38.6296,32.3425,79.9916,53.3789
797,38.4362,32.0241,80.6168,52.102
798,38.6221,31.92,79.5798,52.2425
799,38.4974,32.0953,78.4545,51.7833
800,38.6664,32.1053,80.0904,52.0004
801,38.3355,32.0551,79.9238,51.2765
802,38.4547,32.122,80.6177,51.4014
803,38.4943,32.1556,81.0255,51.3003
804,38.6149,32.1178,81.5818,51.6353
805,38.7872,32.6587,84.253,52.0016
806,38.7793,32.8328,85.3013,51.8747
807,38.1068,31.7656,84.0747,50.038
808,38.0742,31.4164,83.2866,50.366
809,38.0969,31.1884,83.3381,50.685
810,38.0827,31.4466,83.7932,50.5568
811,38.4767,31.4724,84.2476,51.3708
812,38.6618,31.4483,83.6677,51.137
813,38.7191,31.058,82.5024,50.8665
814,39.0109,31.1739,81.9962,51.2736
815,38.8548,30.5425,77.8262,50.6517
816,38.8473,30.8832,79.0033,50.7339
817,38.7794,28.6805,78.2769,50.7841
818,38.8099,28.3939,78.5685,50.9376
819,38.9236,28.2196,78.9704,51.1657
820,39.2624,28.6323,80.9292,51.4426
821,39.1874,28.4446,81.4105,51.3058
822,39.498,28.4219,80.133,51.4067
823,39.234,28.1488,79.4568,51.0531
824,39.1794,27.8731,78.7426,51.0988
825,39.1275,27.631,77.9624,50.9297
826,38.5632,27.0422,76.0902,50.4634
827,38.1733,26.9373,74.2354,49.5381
828,38.4775,27.0147,74.8419,49.6379
829,38.3588,26.9828,74.1453,49.257
830,38.4785,27.1155,75.8024,49.4434
831,38.5962,27.2243,77.957,49.7757
832,38.8729,26.6406,78.038,50.1303
833,38.8721,26.7896,77.0837,50.5434
834,39.0802,27.0689,77.4022,50.9056
835,38.7906,26.9926,76.6669,50.5171
836,38.7565,27.0427,76.9849,50.5635
837,39.153,27.3048,78.1833,50.8906
838,39.3324,27.2855,78.4814,50.8372
839,39.6417,27.3064,78.075,51.5905
840,39.7757,27.1267,78.3718,51.4665
841,39.9931,26.9289,77.0405,51.7709
842,40.2962,26.9171,76.3473,52.4667
843,40.2875,26.9392,73.8784,52.6367
844,40.2478,26.665,72.1267,52.8301
845,40.4101,27.5097,73.6443,52.9311
846,40.403,27.206,74.8567,53.1762
847,40.6355,27.3047,76.4968,53.5644
848,40.7881,27.7361,77.6676,53.7271
849,41.0848,27.9888,77.5204,54.1144
850,41.3376,28.0578,77.0053,54.1675
851,41.6729,28.4257,76.4268,54.47
852,41.6938,27.9738,73.5246,54.6096
853,41.798,26.9025,70.0696,54.5353
854,41.9955,27.6742,70.94,54.7106
855,42.3974,28.2978,72.7204,55.0917
856,43.0914,28.8063,73.571,55.5397
857,43.3209,29.1863,74.0521,55.9931
858,43.5692,28.9476,74.2104,56.6454
859,42.8054,29.2292,72.8081,55.8855
860,42.4815,29.3692,73.5483,55.5267
861,42.4642,29.995,74.8642,55.7515
862,42.4343,30.327,74.0266,55.7505
863,42.4352,30.8215,76.0605,55.6248
864,42.6073,30.823,76.1342,55.8102
865,42.7602,31.2182,76.4701,55.868
866,42.897,31.3912,77.2563,55.8538
867,42.7958,30.7552,77.1916,55.9151
868,42.7584,30.466,76.03,55.689
869,42.6492,30.4953,75.3142,55.5439
870,42.5632,30.6325,76.6579,55.4715
871,43.134,30.8963,77.498,55.9765
872,42.8437,30.8522,77.3298,55.8101
873,42.515,30.6848,77.3028,54.9516
874,42.716,30.6174,76.7627,55.1278
875,42.5105,30.8023,76.6245,54.83
876,43.1941,31.3004,77.5381,55.4079
877,43.256,31.0378,76.6874,54.7987
878,43.0905,30.5445,71.9716,54.0215
879,43.0399,30.4179,72.2416,53.8452
880,43.0678,29.7631,73.1111,53.9365
881,43.0542,30.0131,73.3507,53.6103
882,42.9215,30.2644,73.857,53.5662
883,42.9594,30.1374,73.999,53.6586
884,43.1881,30.2496,73.377,53.7926
885,43.3785,30.392,72.7289,53.8786
886,43.3192,30.101,72.5869,53.6902
887,43.0966,30.02,73.1931,53.6721
888,42.2784,29.5529,72.825,53.0161
889,41.6976,29.1191,71.0897,52.8535
890,41.3294,29.1142,71.6515,52.7505
891,40.8872,28.8265,70.4048,52.449
892,40.819,28.9474,69.6416,52.5098
893,40.9063,29.1421,69.7931,52.6497
894,40.8147,29.0545,69.9577,52.4561
895,41.0251,29.1845,69.5037,52.6659
896,40.8393,28.9255,69.2781,52.3235
897,40.9567,28.8026,69.7766,52.4844
898,40.8558,28.5923,69.6929,52.1812
899,40.8234,27.8454,69.08,52.2767
900,40.8734,27.7343,68.3651,52.4375
901,40.9627,27.9256,68.3198,52.7855
902,41.1834,28.1444,69.6925,53.5273
903,41.1654,28.284,71.0289,53.5822
904,41.2408,28.3227,71.3185,53.6265
905,40.0713,28.3398,69.7172,52.2102
906,40.4226,27.8749,68.6081,52.3912
907,39.9994,27.4094,66.4202,51.4553
908,39.9584,27.4659,66.4964,51.5238
909,40.2318,27.2311,65.67,51.7387
910,40.1654,26.7988,63.0915,51.835
911,40.0489,27.0481,63.9519,51.2783
912,40.0331,26.8684,63.7017,51.362
913,40.3734,26.8849,62.5321,51.6546
914,41.0039,27.3841,63.6195,52.2753
915,41.1756,27.4274,64.895,52.5784
916,41.2328,27.334,65.3351,52.2061
917,41.428,27.3545,65.2918,52.3548
918,40.7742,27.3856,64.7557,52.0066
919,40.8103,27.5554,64.3237,52.1702
920,40.7573,27.5273,63.0955,52.2056
921,40.7515,27.4559,62.5998,51.8096
922,40.0437,27.215,61.0948,51.3391
923,39.086,27.0111,60.6469,50.2579
924,39.0755,26.8663,59.4034,50.2008
925,38.9344,27.822,62.5227,50.0848
926,38.87,27.8924,62.4516,50.1303
927,39.0359,27.7355,62.199,49.8805
928,39.2994,27.6267,60.9942,50.2613
929,39.2807,27.4281,59.8344,50.1819
930,39.3594,27.4287,59.4215,50.3931
931,39.3243,27.3539,58.6368,50.377
932,39.3005,27.8477,60.6488,50.3128
933,39.4424,28.1576,61.2807,50.475
934,38.7113,27.9338,60.9989,49.1134
935,37.6216,28.1486,61.3476,48.3336
936,36.8467,28.3266,61.2452,48.3881
937,36.7975,28.4524,61.6193,47.9606
938,36.4985,28.2307,61.3333,47.7404
939,36.676,31.1645,62.4562,48.3435
940,36.6075,30.5619,61.624,48.3046
941,36.7235,26.9936,60.5645,48.1568
942,36.6115,25.2125,59.3963,47.8209
943,36.4485,24.4953,52.8241,47.0925
944,36.7548,23.3169,48.7761,46.9975
945,36.5969,23.2395,47.417,47.1247
946,36.7853,23.3084,48.509,47.2782
947,36.9867,24.097,48.8862,47.6746
948,37.2549,24.1361,47.5823,47.6057
949,36.6981,24.1529,47.975,46.7534
950,36.4324,23.7894,47.6387,46.6714
951,36.2104,24.2911,48.2024,46.2814
952,36.5426,24.4586,49.0166,47.0826
953,37.049,24.5421,50.5635,47.6791
954,37.5005,24.4408,51.1299,47.9247
955,37.4603,24.6752,51.0496,47.9088
956,37.6277,25.3053,52.4363,48.1904
957,38.4378,25.3865,53.7565,49.3119
958,38.7126,24.4841,54.0044,50.0793
959,39.0679,24.67,55.1654,50.6001
960,39.4951,24.6818,56.0356,51.016
961,39.4825,24.3103,55.3977,50.9588
962,38.81,23.8463,55.041,50.1975
963,38.6207,23.5379,53.1352,49.7788
964,38.7149,23.8028,52.4509,49.8907
965,38.7537,24.046,51.7111,49.8461
966,39.2074,23.9827,52.4046,50.3579
967,40.1315,24.2438,54.5555,51.064
968,40.4982,24.1528,55.2473,51.1415
969,40.3007,24.1412,55.243,51.3304
970,41.1103,24.0476,53.2023,51.9122
971,41.3409,24.3223,51.5602,52.2756
972,41.2812,24.0057,51.6542,51.932
973,41.4785,23.8015,51.8181,51.8404
974,41.6001,24.0377,52.8313,52.1192
975,41.9593,24.1614,53.1897,52.8572
976,42.5174,24.2158,52.3775,53.1475
977,42.4359,23.9416,50.083,53.1396
978,42.6164,23.819,50.1682,53.527
979,42.6382,24.0023,51.0682,53.6172
980,42.6505,24.1115,51.4534,53.6101
981,42.5839,24.041,50.6162,53.5057
982,42.6913,24.0523,50.4482,53.7657
983,42.5653,23.8055,50.6645,53.4021
984,42.8223,25.1054,52.7578,54.4007
985,42.7989,25.4807,54.6024,54.5531
986,42.6605,25.4138,55.6343,54.5809
987,41.504,25.41,55.8242,53.3321
988,41.007,25.3173,55.4207,52.7939
989,40.8222,25.207,54.8549,52.8222
990,40.5168,25.1407,54.1269,52.4245
991,40.9018,25.0448,53.0067,52.606
992,40.9334,25.232,53.134,52.567
993,40.9735,25.2684,53.1178,52.7514
994,40.9329,25.5083,53.0363,52.3684
995,40.9033,25.5026,51.9766,52.3623
996,41.5572,25.6397,52.2073,52.8013
997,41.8014,25.6385,52.5071,52.4111
998,41.3047,25.592,52.4054,50.145
999,41.3215,25.6752,51.5542,49.6158
1000,41.513,25.8897,52.1519,49.0551
1001,41.9747,25.9599,52.7058,49.4612
1002,41.8103,25.6895,51.9982,49.3673
1003,42.056,25.8394,52.2043,49.1361
1004,42.1143,25.6999,51.2997,48.6278
1005,41.2544,25.231,50.4027,48.1082
1006,41.3173,25.3892,51.2142,48.5344
1007,41.0939,25.15,50.5131,48.1054
1008,41.0402,24.8637,49.3678,47.9846
1009,41.2046,24.4335,49.2293,48.4099
1010,41.294,24.3177,49.2332,48.7969
1011,41.3587,24.412,49.4107,48.9652
1012,40.7066,24.6417,49.3782,48.4739
1013,40.6083,24.5256,49.8828,48.182
1014,40.8891,24.3844,49.6225,47.974
1015,41.2013,24.2948,49.6953,48.3075
1016,41.219,24.2214,48.9009,48.8339
1017,41.6415,24.5789,49.2122,49.4402
1018,41.583,24.7973,50.1589,49.5966
1019,41.8297,24.7193,50.6418,50.1746
1020,42.2349,24.5551,50.8788,50.5809
1021,41.8739,24.5913,49.982,50.0045
1022,41.7649,24.2866,44.4056,49.6095
1023,41.9792,23.799,43.7144,49.7126
1024,41.9969,23.6617,42.5402,49.8928
1025,41.9283,23.4904,42.7486,50.0006
1026,41.8551,23.1212,41.3153,50.0046
1027,41.8421,22.6231,39.1928,49.5872
1028,41.7645,22.5143,38.4485,49.1048
1029,41.9549,22.7163,38.8941,49.2406
1030,42.3024,23.005,40.0895,49.2949
1031,42.3219,23.3265,37.6179,49.3903
1032,42.1437,23.2817,36.4386,49.3815
1033,42.4192,23.6343,35.6937,49.914
1034,42.4688,23.4779,37.2345,50.0367
1035,42.5749,23.6367,37.0833,50.2884
1036,42.4569,23.6428,36.4279,50.2939
1037,42.179,23.3958,35.8061,50.3173
1038,41.7069,22.9245,31.07,49.6705
1039,41.6875,22.7214,29.8485,49.6751
1040,41.7087,22.7775,30.5473,49.6754
1041,41.5147,22.5101,30.3612,49.1788
1042,41.4519,22.4678,29.9147,49.0682
1043,41.5466,23.0204,29.9876,49.1673
1044,41.6384,23.2889,31.8607,49.056
1045,41.6835,23.5439,32.1171,48.851
1046,41.513,23.5005,31.1753,49.0196
1047,41.5699,23.8228,31.6162,49.1644
1048,41.6118,24.185,32.1273,49.3268
1049,40.748,24.4577,31.6571,48.4482
1050,40.676,24.6986,31.3636,48.7608
1051,40.4394,24.8281,31.3871,48.6021
1052,40.2474,24.8573,30.9906,48.5422
1053,40.4111,25.026,30.7864,48.7163
1054,40.4601,25.1409,29.6159,48.7483
1055,40.3415,25.3178,29.553,48.8363
1056,40.2785,25.1066,29.1497,49.0651
1057,40.2979,25.229,28.5262,49.2098
1058,40.2858,25.4082,28.8024,48.2377
1059,40.0304,25.2947,28.9547,47.5456
1060,40.0072,25.4519,28.5275,47.0981
1061,39.9259,25.7614,29.4218,46.8371
1062,40.2431,25.9407,28.9047,47.1869
1063,40.1107,25.8706,28.8291,46.8957
1064,39.7183,25.5794,27.6799,46.1075
1065,39.2821,25.5183,27.8416,45.9763
1066,38.9997,25.8014,28.4927,45.9097
1067,38.4224,25.4944,25.1565,46.0812
1068,37.9627,23.7402,22.2715,45.9239
1069,38.4193,23.6117,21.7089,46.5484
1070,38.4881,24.3826,22.6133,46.5535
1071,38.2579,24.971,21.4662,46.3734
1072,38.4363,25.0711,20.0445,46.4283
1073,38.4087,24.6213,18.9327,46.098
1074,38.4658,24.6001,18.2064,45.9709
1075,38.5701,24.717,19.056,45.464
1076,38.3917,24.7434,20.0016,45.4329
1077,37.6767,24.626,20.3007,44.6419
1078,37.9416,24.4964,19.6266,44.9932
1079,38.1674,24.8586,21.3377,45.2616
1080,38.2405,24.9,22.424,45.4361
1081,38.3001,25.2273,21.4476,45.4906
1082,38.1671,24.9817,20.7361,45.0564
1083,38.2522,24.924,20.6166,45.2605
1084,38.1034,24.8418,20.1297,45.3573
1085,38.5103,24.9457,20.156,46.0251
1086,38.6082,24.8828,19.5519,46.5885
1087,38.7146,25.7742,19.9634,46.3886
1088,38.8925,25.7711,19.6566,46.6296
1089,38.7645,25.8769,19.1575,46.2428
1090,38.7826,25.8459,19.0399,46.5694
1091,38.7199,25.7498,18.392,46.5124
1092,38.5908,25.9444,18.3844,46.2313
1093,38.6784,26.0358,18.5517,46.4856
1094,39.0898,26.4672,19.1111,47.2254
1095,38.7567,27.002,19.8026,46.5998
1096,38.6505,27.2296,19.5053,46.5901
1097,38.7986,27.2456,19.6239,46.6352
1098,38.9034,25.7981,20.3939,46.6499
1099,38.8423,25.4958,20.017,46.46
1100,38.7123,24.69,18.5603,45.9618
1101,38.1987,24.3999,17.2909,45.4468
1102,38.1629,24.3441,17.0111,45.4482
1103,37.9691,24.3667,18.0448,45.3809
1104,38.139,24.5478,17.4383,45.77
1105,37.7599,24.6694,17.5901,44.9342
1106,37.9125,24.9067,17.7188,44.8549
1107,37.7731,24.301,17.8347,44.6221
1108,37.7041,24.0021,17.5831,44.5574
1109,38.0037,23.9655,17.3281,44.8841
1110,38.0249,23.7222,17.4601,44.6206
1111,37.4088,23.9277,16.652,43.7307
1112,36.9585,23.6548,15.861,43.4016
1113,36.9202,23.5663,15.6154,43.2911
1114,36.6404,23.3396,13.7887,42.9678
1115,36.7879,22.7776,13.4586,43.1977
1116,36.3262,22.6901,13.6621,43.3787
1117,36.3031,23.0388,14.7399,43.6504
1118,36.3156,22.975,14.4784,43.6591
1119,36.0495,22.4253,14.0658,43.4761
1120,35.9782,22.6227,14.2888,43.3652
1121,36.4791,23.0709,14.942,44.1518
1122,36.4512,23.386,14.8086,44.0957
1123,36.3041,22.9839,14.5801,43.8533
1124,36.2747,22.9733,14.936,44.0001
1125,37.8835,22.8576,14.9942,44.4674
1126,39.1504,23.4212,15.701,47.3172
1127,39.1365,23.2503,15.4952,47.765
1128,38.9712,23.2962,15.6309,48.2178
1129,38.9387,23.3398,15.686,49.1284
1130,38.342,23.6408,17.0604,48.2595
1131,38.2982,22.2696,14.8162,48.4529
1132,38.3042,22.624,15.6426,48.6507
1133,38.5027,22.4049,15.6762,48.838
1134,38.5032,22.046,15.4435,48.654
1135,38.2816,21.7994,14.9428,48.3375
1136,38.2954,21.7599,15.1143,48.0723
1137,38.1726,21.71,14.8236,47.9691
1138,38.46,21.9371,15.0467,48.6744
1139,38.1854,20.9574,14.4816,48.4487
1140,38.1827,20.89,14.2142,48.3452
1141,37.828,19.8642,13.9268,48.1657
1142,37.4323,19.0189,13.4943,47.7075
1143,37.629,19.1198,12.9304,48.1576
1144,37.8532,19.6313,12.1876,48.2178
1145,37.9528,20.3784,12.2534,48.4004
1146,37.7589,20.1782,12.6535,48.3596
1147,37.9905,20.2541,12.714,48.7567
1148,37.8807,20.5387,13.1866,48.5246
1149,37.8465,20.6346,13.6824,48.5386
1150,37.7064,20.5003,13.4109,48.1866
1151,37.5866,19.7683,13.4726,48.0566
1152,37.4941,20.0388,13.7249,47.9144
1153,37.1028,19.6669,13.8042,47.4523
1154,36.7025,19.239,13.9267,46.9835
1155,36.0154,18.7491,13.5883,46.473
1156,35.442,18.4962,13.1195,46.0224
1157,35.6907,18.3461,13.3285,46.2427
1158,36.178,19.0252,13.8629,46.7522
1159,36.4914,19.0155,13.6108,47.0783
1160,36.3785,18.7143,12.8276,47.2455
1161,36.8026,18.9357,13.1097,47.6085
1162,37.2765,18.4455,12.6247,47.903
1163,38.0494,18.533,12.0587,49.1216
1164,38.4575,18.6652,12.0801,49.4017
1165,38.2529,18.4749,11.7812,49.0351
1166,38.4951,18.4839,11.7706,49.7312
1167,39.025,19.2362,12.2252,49.9692
1168,38.8998,19.3686,12.2521,49.6778
1169,38.7232,19.3572,12.2869,49.4849
1170,38.9567,19.2227,12.5279,49.4016
1171,39.0753,18.9372,11.9156,49.459
1172,39.191,19.2195,11.9967,49.4102
1173,39.3554,19.7882,12.5746,49.7859
1174,39.5156,20.1534,12.4001,49.831
1175,39.5829,20.1001,12.2965,49.8136
1176,38.6873,19.8137,12.0676,48.8916
1177,38.3144,20.037,12.5668,48.9898
1178,38.4712,20.2523,12.4758,49.2001
1179,38.2619,20.2991,12.1895,48.867
1180,36.4272,20.3134,12.0925,48.4207
1181,35.6799,20.3371,11.921,48.0293
1182,36.1218,19.8364,11.7596,48.0649
1183,36.1126,19.2874,11.5844,48.3045
1184,35.7835,18.7798,11.3903,48.3532
1185,35.838,18.4946,11.35,49.8737
1186,35.513,18.916,11.5612,49.3178
1187,35.3768,18.8674,11.5405,49.2213
1188,34.9448,18.8282,11.4189,48.9901
1189,33.6384,18.5335,11.3931,48.5332
1190,33.7412,18.494,11.4738,48.9785
1191,33.8832,17.766,11.7143,48.9646
1192,33.7349,17.7528,11.7153,48.1337
1193,33.659,18.6473,11.8912,47.8694
1194,33.4841,17.9399,9.4336,47.8163
1195,33.3335,17.7205,9.0394,47.5002
1196,33.2068,16.7144,8.1019,47.4464
1197,32.7478,16.4534,7.7886,45.3621
1198,32.9707,16.3641,8.1298,45.2543
1199,33.1338,16.2202,7.9756,45.3426
1200,33.9393,15.1499,7.9554,45.0665
1201,34.2232,15.3298,6.9321,44.8926
1202,34.2327,15.3278,6.9314,44.8379
1203,33.8283,14.543,6.4624,44.3574
1204,33.8857,14.5814,6.5568,44.162
1205,34.3276,14.8128,6.8232,44.5136
1206,34.6212,14.8176,6.9341,45.3821
1207,34.6376,14.7657,7.3008,46.0507
1208,34.4853,14.5587,7.1138,46.2165
1209,34.7361,14.3361,7.7024,47.023
1210,34.8426,13.8918,7.0651,47.0019
1211,34.735,13.7178,7.5909,47.6171
1212,35.127,13.5358,7.8019,48.3833
1213,36.2847,14.3523,8.3526,49.9724
1214,36.4722,14.4943,8.5392,50.7003
1215,36.4014,14.264,8.4649,51.115
1216,37.3336,14.7009,9.0838,51.9165
1217,36.7891,14.4977,8.9946,51.1181
1218,36.1714,13.9418,8.8316,50.5871
1219,36.232,14.1062,9.1325,50.5141
1220,36.5133,14.5096,9.8146,50.8386
1221,36.7668,15.8387,10.2509,51.59
1222,37.7946,15.7577,9.9407,52.9996
1223,37.88,16.5747,10.218,52.8064
1224,37.8561,16.5595,8.8161,52.3845
1225,38.191,16.9317,8.2134,52.6337
1226,38.5472,17.5995,8.1933,53.1653
1227,38.2775,17.4574,7.6557,53.0706
1228,38.5992,17.4116,7.4395,52.9863
1229,38.9368,17.3458,7.2274,53.0938
1230,38.8762,17.3092,6.9609,53.3099
1231,39.1225,17.3703,7.0495,53.3583
1232,38.9252,17.0663,6.8155,53.2752
1233,39.0879,17.0008,6.8574,53.35
1234,38.9978,16.8363,6.9075,53.0751
1235,38.5477,17.2258,7.0859,53.3232
1236,37.8584,17.1711,7.2468,52.5603
1237,37.8497,16.7607,7.2039,52.5107
1238,37.9884,16.9852,7.2669,52.4985
1239,38.1897,17.189,7.2914,52.4371
1240,37.6822,16.8531,7.4373,51.8793
1241,36.8103,17.2627,7.3091,51.529
1242,36.5481,17.4527,7.7826,51.9645
1243,36.7282,17.3081,8.0626,51.9672
1244,36.758,17.3374,8.0108,51.7118
1245,36.7576,17.3699,7.6221,51.5601
1246,37.1075,17.3799,7.2621,52.0482
1247,37.1459,17.1837,7.5094,51.6044
1248,37.6406,17.5003,8.3982,52.9777
1249,37.3152,17.3391,8.2782,53.46
1250,37.1261,17.4656,8.278,54.0837
1251,37.284,17.7976,8.2276,54.3527
1252,37.6349,18.0768,8.2866,54.5924
1253,37.3409,18.0587,8.1527,54.0612
1254,37.5537,17.8266,8.0386,54.0728
1255,37.6193,17.7577,8.1591,53.9928
1256,39.0551,17.9059,8.1057,54.2734
1257,38.2782,18.0114,8.257,53.3704
1258,37.4639,17.1722,7.8433,51.6712
